STT,T1,L1,H1,S1,V1,X1,D1,N1,T2,L2,H2,S2,V2,X2,D2,N2,T3,L3,H3,S3,V3,X3,D3,N3,T4,L4,H4,S4,V4,X4,D4,N4,T5,L5,H5,S5,V5,X5,D5,N5,T6,L6,H6,S6,V6,X6,D6,N6,TB_HK1,TB_HK2,TB_HK3,TB_HK4,TB_HK5,TB_HK6,TB_toankoa,Diem_max,Diem_min,GT,GT_encoded,KV,KV_encoded,DH1,DH2,DH3,DH_tongdiem,KT,KT_encoded
1,7.2,7.3,6.3,7.3,7.0,7.9,7.3,5.5,8.4,8.9,5.8,9.0,6.6,8.7,7.2,5.8,7.4,7.4,5.2,6.6,6.9,8.9,8.1,5.8,7.2,7.1,5.9,7.2,6.6,5.8,8.1,5.9,7.4,5.6,6.1,5.7,7.9,5.0,7.4,5.0,6.9,5.7,6.5,7.2,8.4,6.6,7.6,5.9,6.98,7.55,7.04,6.72,6.26,6.85,6.9,9.0,5.0,F,0,2NT,3,3.25,3.25,4.5,11.0,A1,3
2,5.4,3.9,3.9,4.0,5.4,5.4,5.3,2.8,6.3,5.4,3.2,7.2,5.4,6.1,4.7,4.7,4.3,3.8,3.7,3.7,5.2,6.6,5.8,4.4,4.9,2.8,5.1,4.5,5.6,7.0,7.6,4.7,3.0,4.6,4.4,4.9,4.3,6.3,6.7,4.4,4.0,5.4,4.0,5.2,5.5,6.6,6.1,4.4,4.51,5.38,4.69,5.28,4.82,5.15,4.97,7.6,2.8,M,1,1,1,6.0,4.0,3.5,13.5,C,1
3,5.6,6.8,7.2,7.5,4.3,7.4,5.8,3.2,5.0,4.9,6.2,6.1,5.3,7.1,4.0,4.9,2.8,6.3,6.2,5.6,2.5,5.8,5.1,3.7,6.1,6.1,5.8,6.8,4.0,6.4,5.3,4.1,4.8,5.1,6.4,5.1,4.0,6.9,3.9,3.2,5.7,6.6,6.8,6.8,4.1,7.9,8.1,4.6,5.98,5.44,4.75,5.58,4.92,6.32,5.5,8.1,2.5,M,1,1,1,5.0,6.75,4.0,15.75,C,1
4,6.6,6.4,5.3,6.9,5.4,7.3,6.4,5.8,5.1,6.2,5.5,5.5,4.4,6.5,4.9,4.4,5.9,7.3,5.9,4.9,5.7,6.8,6.8,5.4,4.1,4.4,4.1,7.3,5.3,7.1,7.3,5.6,6.1,4.9,5.3,4.0,6.2,5.5,5.9,6.5,7.4,5.6,6.6,6.8,6.6,7.1,7.3,7.4,6.26,5.31,6.09,5.65,5.55,6.85,5.95,7.4,4.0,M,1,1,1,4.25,4.25,5.25,13.75,D1,0
5,6.0,5.0,6.0,7.3,6.5,7.7,7.9,6.1,5.4,5.5,5.9,7.5,6.5,6.9,7.6,6.4,7.6,7.6,6.7,6.6,5.7,7.9,7.4,7.3,4.4,6.5,5.6,8.3,6.2,4.9,8.6,7.7,6.8,5.4,4.7,5.0,5.1,7.0,7.0,6.3,8.0,6.2,6.8,6.9,6.6,6.1,7.5,7.2,6.56,6.46,7.1,6.52,5.91,6.91,6.58,8.6,4.4,M,1,2NT,3,4.25,4.5,5.0,13.75,A,4
6,9.3,7.6,7.9,8.6,7.0,7.3,7.7,7.9,9.6,7.8,8.0,8.7,7.7,8.0,9.2,9.1,7.1,8.5,8.1,8.7,7.2,8.4,7.7,8.2,8.5,8.5,7.7,9.2,8.0,6.6,7.3,8.8,8.5,7.6,8.1,9.0,8.4,6.6,6.6,8.2,7.8,6.4,7.2,7.7,7.7,5.7,8.0,7.8,7.91,8.51,7.99,8.07,7.88,7.29,7.94,9.6,5.7,M,1,1,1,1.5,4.0,6.0,11.5,D1,0
7,2.8,3.9,5.5,6.9,5.0,7.3,4.6,5.2,4.4,6.7,5.5,7.7,5.0,6.6,6.1,4.6,4.6,4.8,4.4,8.1,5.6,6.0,4.8,3.9,4.7,6.3,4.8,7.1,6.8,7.7,6.6,5.6,5.4,4.5,5.0,5.0,5.9,6.1,6.1,4.8,5.3,7.0,6.0,5.7,6.1,6.6,6.0,6.0,5.15,5.82,5.28,6.2,5.35,6.09,5.65,8.1,2.8,F,0,2,2,6.5,6.75,5.25,18.5,C,1
8,8.3,6.0,7.6,5.1,7.5,4.7,5.8,7.2,6.7,6.3,6.4,7.1,7.3,6.9,6.1,7.9,8.6,5.7,6.9,6.6,7.4,6.0,5.8,6.5,8.3,5.3,6.2,6.4,7.6,5.4,6.7,6.3,8.5,7.0,6.1,6.4,6.6,4.8,7.4,6.9,8.3,6.7,5.6,5.9,7.3,7.1,6.8,7.0,6.52,6.84,6.69,6.52,6.71,6.84,6.69,8.6,4.7,F,0,2,2,3.75,4.5,4.25,12.5,D1,0
9,6.5,6.3,7.6,6.0,5.5,7.1,6.3,5.0,7.3,6.8,7.3,6.5,6.4,7.9,7.6,3.7,6.4,6.7,6.7,7.3,6.2,6.1,8.2,5.7,8.1,6.0,6.3,7.8,7.2,7.6,8.5,5.7,7.7,7.5,8.8,6.5,5.6,5.6,7.1,6.7,7.7,8.7,8.9,7.5,6.0,9.1,7.9,6.1,6.29,6.69,6.66,7.15,6.94,7.74,6.91,9.1,3.7,F,0,1,1,3.5,3.5,6.75,13.75,D1,0
10,7.3,5.9,4.7,7.1,6.7,7.9,6.7,7.7,8.0,6.8,7.6,6.9,6.8,7.8,6.4,7.4,6.5,7.3,6.0,7.8,7.2,7.9,7.1,7.7,5.5,7.0,6.0,6.7,8.0,7.2,6.3,7.2,7.5,7.0,8.0,5.9,7.1,6.3,5.1,7.1,6.9,7.0,6.7,7.1,7.7,6.4,6.1,7.8,6.75,7.21,7.19,6.74,6.75,6.96,6.93,8.0,4.7,F,0,1,1,4.0,4.75,5.5,14.25,D1,0
11,5.2,6.4,7.4,7.0,7.1,8.1,7.6,6.8,6.3,6.5,8.4,7.5,6.3,9.1,8.6,7.5,7.8,7.9,7.4,8.4,5.7,9.6,8.4,7.8,7.6,5.7,6.4,8.2,6.7,7.3,8.3,7.5,6.2,6.1,5.9,7.2,6.7,7.1,7.4,6.6,7.3,7.2,7.2,8.8,7.6,6.0,7.2,7.2,6.95,7.52,7.88,7.21,6.65,7.31,7.25,9.6,5.2,F,0,2,2,3.0,4.0,5.5,12.5,D1,0
12,7.9,7.0,9.1,8.6,6.1,7.0,5.6,9.0,8.2,7.1,8.8,7.6,6.9,7.3,7.2,9.0,8.1,8.4,8.5,7.6,5.5,8.0,6.6,8.6,6.9,7.0,8.9,8.6,5.6,5.3,7.1,8.3,8.0,7.8,8.6,7.3,6.2,3.9,5.7,8.6,8.1,7.9,8.3,7.9,6.4,6.4,6.7,8.7,7.54,7.76,7.66,7.21,7.01,7.55,7.46,9.1,3.9,M,1,2,2,6.75,6.5,4.25,17.5,D1,0
13,7.3,6.3,8.7,7.7,6.6,8.5,6.9,8.5,5.8,5.7,6.3,7.3,7.3,7.1,7.9,7.7,8.5,7.1,7.8,6.5,7.1,8.4,8.5,9.1,7.6,6.7,6.7,7.8,7.5,7.1,7.8,8.9,9.3,7.2,8.6,7.1,7.5,6.9,7.5,9.0,8.3,7.0,7.1,7.2,7.9,6.8,5.6,8.5,7.56,6.89,7.88,7.51,7.89,7.3,7.5,9.3,5.6,F,0,1,1,2.0,4.5,5.0,11.5,D1,0
14,4.9,5.4,5.0,5.0,5.8,7.0,4.2,5.8,4.5,4.5,4.6,5.6,5.9,7.1,6.0,6.5,4.5,6.1,4.2,6.0,6.7,5.9,7.0,5.3,4.6,5.4,4.3,7.3,7.8,5.9,7.5,6.2,6.5,5.8,6.1,6.4,6.9,6.8,6.2,5.8,6.9,5.9,5.7,5.8,6.4,7.3,5.6,5.7,5.39,5.59,5.71,6.13,6.31,6.16,5.88,7.8,4.2,F,0,1,1,2.5,2.75,5.5,10.75,D1,0
15,7.1,8.0,9.1,7.5,6.1,7.7,7.9,7.6,8.3,7.3,8.1,7.7,6.8,8.4,7.4,6.6,8.6,7.9,8.5,7.0,5.2,8.6,8.0,7.3,8.3,7.8,8.2,8.0,6.6,8.9,8.6,7.6,8.6,6.8,8.4,7.8,6.9,8.1,7.3,7.8,8.5,8.2,8.6,9.3,6.9,8.0,7.6,7.0,7.62,7.58,7.64,8.0,7.71,8.01,7.76,9.3,5.2,F,0,2NT,3,3.5,4.5,6.5,14.5,A,4
16,2.5,5.3,4.9,8.2,6.9,6.0,6.7,5.0,6.2,3.8,4.7,8.6,7.5,6.3,8.0,5.6,6.5,5.9,5.7,6.4,7.2,6.1,7.6,4.8,7.3,5.5,5.4,5.2,7.0,7.7,8.1,6.9,3.4,5.3,4.6,5.0,7.4,5.6,6.8,5.0,5.3,6.0,6.0,6.2,7.2,7.1,6.8,5.0,5.69,6.34,6.28,6.64,5.39,6.2,6.09,8.6,2.5,M,1,1,1,3.75,3.0,6.5,13.25,D1,0
17,8.8,7.0,7.7,7.1,6.1,5.4,8.3,5.3,7.3,7.4,7.4,5.9,6.1,7.9,7.5,6.0,7.5,7.0,8.6,6.7,6.0,6.9,7.5,6.2,7.7,7.3,8.6,5.8,6.4,6.1,7.6,5.5,7.4,5.4,7.6,5.2,6.7,7.4,8.4,5.6,7.5,6.7,6.0,6.7,7.1,5.3,7.8,5.6,6.96,6.94,7.05,6.88,6.71,6.59,6.85,8.8,5.2,F,0,1,1,3.5,4.0,3.5,11.0,A,4
18,5.4,6.0,4.9,5.5,4.2,7.3,5.3,4.9,4.8,6.4,6.3,6.9,5.3,9.2,7.3,5.3,5.5,7.1,7.5,7.8,4.7,9.4,8.6,6.3,5.5,6.0,7.2,7.9,5.0,9.1,8.8,6.5,7.5,6.2,7.8,7.2,5.0,7.9,6.4,5.3,7.3,7.3,7.1,6.4,5.9,9.4,6.4,5.5,5.44,6.44,7.11,7.0,6.66,6.91,6.59,9.4,4.2,M,1,1,1,4.25,4.5,5.0,13.75,A,4
19,5.6,4.8,7.3,3.9,5.5,6.0,6.1,4.8,5.5,4.9,5.0,6.3,5.8,6.1,6.8,4.8,4.8,8.8,5.4,7.0,6.7,5.8,7.7,4.9,6.1,7.4,6.5,7.2,7.7,5.0,7.6,6.0,6.6,6.8,6.6,6.7,6.1,5.6,6.3,5.0,8.5,7.7,6.7,6.6,5.7,6.4,6.3,5.8,5.5,5.65,6.39,6.69,6.21,6.71,6.19,8.8,3.9,M,1,1,1,3.25,4.75,3.5,11.5,A,4
20,8.2,7.3,7.8,7.6,5.6,7.2,6.0,6.5,6.4,7.3,5.7,5.7,5.3,7.3,6.1,6.7,6.1,7.8,9.2,6.1,4.7,6.6,7.1,5.8,5.8,6.5,7.3,5.5,5.2,3.4,6.4,6.1,7.1,6.3,7.5,7.1,4.9,4.3,7.8,5.0,8.9,8.2,6.5,5.3,5.8,5.7,6.6,5.5,7.02,6.31,6.68,5.78,6.25,6.56,6.43,9.2,3.4,F,0,2,2,3.5,4.0,4.0,11.5,A,4
21,3.9,3.9,6.0,6.7,6.1,4.8,6.3,5.2,5.6,5.1,6.2,7.0,6.2,6.3,6.6,4.5,6.3,5.2,6.6,6.6,6.0,7.3,6.4,6.8,6.9,6.7,7.0,8.0,6.8,6.4,6.9,5.2,9.3,6.6,7.5,5.6,6.3,6.0,7.1,5.5,8.4,7.8,6.6,7.7,6.2,6.4,6.1,6.7,5.36,5.94,6.4,6.74,6.74,6.99,6.36,9.3,3.9,M,1,1,1,2.75,5.0,4.25,12.0,A,4
22,5.0,5.1,6.3,4.5,6.8,5.8,5.1,4.1,5.8,4.5,5.3,5.3,5.7,4.2,5.6,4.2,6.0,5.2,4.5,6.7,6.9,7.4,5.3,4.9,6.6,4.4,5.9,4.9,6.5,7.5,7.3,5.2,6.8,6.5,6.4,5.6,7.1,6.6,4.8,5.5,5.5,5.7,6.8,6.1,7.8,5.2,6.8,6.1,5.34,5.08,5.86,6.04,6.16,6.25,5.79,7.8,4.1,F,0,1,1,3.5,3.0,4.5,11.0,D1,0
23,5.0,4.5,5.3,6.8,4.8,5.5,5.5,5.5,5.5,5.5,5.7,8.0,5.4,6.3,6.3,4.7,2.3,7.2,4.5,5.3,6.9,8.0,5.8,6.1,4.1,7.3,4.9,8.5,7.0,8.3,7.6,5.3,3.4,6.2,5.7,7.3,6.0,4.4,6.1,6.7,4.1,7.0,5.8,7.2,6.2,5.3,6.4,6.1,5.36,5.92,5.76,6.62,5.72,6.01,5.9,8.5,2.3,F,0,2,2,5.0,3.5,6.0,14.5,C,1
24,5.3,6.3,5.7,6.9,5.9,7.5,6.6,5.1,6.4,6.9,4.7,7.4,6.1,8.4,6.4,4.4,6.1,5.8,5.1,7.4,6.7,7.1,6.7,4.3,5.0,3.5,4.5,7.3,6.1,8.8,7.9,3.9,5.3,5.5,6.3,6.7,6.7,7.5,6.7,4.5,6.1,6.8,6.4,6.4,7.6,8.8,6.1,5.2,6.16,6.34,6.15,5.88,6.15,6.68,6.22,8.8,3.5,M,1,2NT,3,6.75,5.25,5.0,17.0,C,1
25,2.4,4.1,3.6,5.5,5.9,5.6,4.9,4.2,3.3,5.7,4.9,5.3,5.7,4.5,5.6,4.8,3.9,4.6,4.6,6.9,5.7,8.0,5.1,4.7,3.3,5.3,5.6,6.9,7.2,7.3,6.1,3.6,4.4,5.0,4.4,5.6,6.8,4.0,5.0,5.2,3.8,6.3,4.5,6.6,7.1,4.1,5.7,5.1,4.53,4.97,5.44,5.66,5.05,5.4,5.18,8.0,2.4,F,0,1,1,7.0,2.25,5.25,14.5,C,1
26,3.6,5.8,6.9,6.1,5.5,7.2,5.5,4.3,4.2,5.4,6.5,5.5,5.8,5.0,5.3,4.3,4.2,4.5,5.3,5.0,5.6,6.4,5.3,4.1,4.8,4.8,4.7,4.6,5.4,4.1,6.3,5.6,5.8,4.9,4.8,6.3,4.8,2.7,4.4,5.0,3.7,4.5,5.7,5.5,5.6,5.9,6.3,4.4,5.61,5.25,5.05,5.04,4.84,5.2,5.16,7.2,2.7,F,0,1,1,4.75,2.0,5.5,12.25,C,1
27,4.9,4.8,5.0,5.4,5.2,5.3,6.5,4.4,5.9,5.4,5.2,5.5,5.9,4.9,6.4,3.7,4.9,4.5,5.5,6.8,6.2,7.4,7.5,4.2,6.0,5.8,5.1,9.0,7.2,5.1,5.3,5.7,6.1,7.7,8.0,6.4,6.7,5.4,8.3,4.8,6.8,7.5,8.1,7.0,8.1,7.6,6.8,5.5,5.19,5.36,5.88,6.15,6.68,7.18,6.07,9.0,3.7,F,0,1,1,5.25,4.5,4.75,14.5,C,1
28,8.1,5.5,5.1,5.6,6.2,6.2,6.6,4.8,4.4,4.7,5.2,6.6,6.5,5.8,6.1,4.8,5.0,6.2,4.4,6.3,4.4,5.2,6.6,5.7,2.9,5.2,4.2,5.9,5.0,5.8,7.4,5.3,5.8,5.2,6.0,6.2,6.2,6.8,5.9,5.0,5.6,6.2,6.4,6.4,7.3,6.4,6.3,5.1,6.01,5.51,5.48,5.21,5.89,6.21,5.72,8.1,2.9,F,0,2NT,3,5.25,5.0,3.5,13.75,C,1
29,6.3,6.4,6.6,6.7,6.6,8.1,7.8,4.5,8.1,4.9,5.7,4.9,4.5,8.0,6.9,4.7,5.7,5.9,4.3,6.4,5.5,7.2,6.6,4.6,7.3,4.3,4.0,7.1,5.4,8.7,6.5,4.7,8.3,6.7,5.3,6.5,5.5,7.6,6.4,4.8,8.4,6.6,6.1,7.2,5.9,8.2,6.8,5.4,6.62,5.96,5.78,6.0,6.39,6.82,6.26,8.7,4.0,M,1,2NT,3,3.25,5.25,3.75,12.25,A,4
30,4.5,3.8,4.8,5.9,4.3,6.2,5.2,6.1,5.5,5.8,5.1,6.7,4.7,6.1,5.8,5.3,6.8,6.5,5.4,5.4,5.0,6.0,6.1,7.0,5.6,7.1,5.7,6.3,5.6,5.1,6.4,7.0,5.3,4.8,4.5,4.0,3.9,3.3,4.4,5.4,6.1,5.2,5.0,5.3,5.0,6.2,5.5,6.1,5.1,5.62,6.02,6.1,4.45,5.55,5.48,7.1,3.3,M,1,1,1,2.75,3.75,5.0,11.5,D1,0
31,7.6,7.2,5.4,5.6,5.6,6.7,6.7,4.0,7.7,6.6,5.8,6.9,6.4,7.1,5.4,5.7,7.5,5.7,4.4,7.7,5.8,8.0,8.4,5.4,5.5,5.5,5.5,5.6,6.5,7.0,6.9,5.7,6.5,5.4,5.4,5.8,7.5,7.1,7.5,5.7,6.5,7.5,6.8,6.7,6.4,7.8,8.4,6.2,6.1,6.45,6.61,6.02,6.36,7.04,6.43,8.4,4.0,F,0,1,1,5.0,3.5,5.5,14.0,D1,0
32,2.6,4.6,4.6,3.6,4.2,5.4,5.2,4.5,3.8,6.1,6.3,8.1,4.5,7.2,5.6,4.5,5.9,6.4,6.4,7.7,4.9,7.1,7.8,5.3,6.8,7.7,7.2,6.4,6.3,8.1,8.0,6.7,6.3,6.1,7.6,4.1,5.5,6.2,6.3,5.1,8.0,7.3,7.3,7.4,5.8,9.0,6.7,6.7,4.34,5.76,6.44,7.15,5.9,7.28,6.14,9.0,2.6,M,1,1,1,4.5,4.75,5.5,14.75,A,4
33,6.0,6.8,7.1,7.3,6.6,7.1,6.9,7.0,6.0,6.9,5.8,7.7,6.2,6.9,7.0,7.6,6.8,7.7,7.1,8.2,5.6,8.4,7.4,6.9,5.4,6.6,6.2,8.4,6.6,7.7,6.3,7.3,6.7,6.1,7.1,6.8,6.6,6.6,6.9,6.5,6.7,7.6,6.7,6.6,6.7,6.6,7.1,7.5,6.85,6.76,7.26,6.81,6.66,6.94,6.88,8.4,5.4,F,0,2,2,4.5,4.5,4.75,13.75,D1,0
34,6.4,4.6,6.4,5.9,5.7,7.2,6.9,2.9,4.5,4.4,6.2,5.3,5.1,6.4,4.6,4.0,8.0,7.7,7.3,6.3,5.3,5.9,5.7,5.8,8.5,6.6,5.9,4.6,4.4,6.6,5.1,5.5,7.7,5.4,6.2,6.4,4.5,5.3,5.9,3.1,6.0,6.8,7.0,5.0,4.9,4.9,6.4,4.4,5.75,5.06,6.5,5.9,5.56,5.68,5.74,8.5,2.9,M,1,1,1,2.25,4.0,4.25,10.5,A,4
35,4.7,7.2,7.4,7.6,6.3,7.7,4.9,4.7,6.2,5.4,7.0,6.6,5.5,6.5,8.1,4.9,4.3,5.3,5.2,7.3,6.2,5.6,7.2,6.4,5.3,5.1,8.4,7.2,6.5,7.1,8.4,6.3,6.4,5.6,6.7,6.1,7.0,5.3,5.6,4.7,7.0,5.5,7.0,7.0,7.6,5.3,6.8,4.3,6.31,6.28,5.94,6.79,5.92,6.31,6.26,8.4,4.3,M,1,2NT,3,2.5,4.5,4.5,11.5,A,4
36,6.5,4.4,6.5,5.7,6.4,6.9,4.0,4.6,5.3,5.1,5.1,5.9,6.3,6.5,4.7,5.3,6.1,4.7,4.7,7.0,6.0,5.9,7.3,5.7,5.7,4.3,4.1,6.7,5.9,5.4,6.7,5.8,7.1,5.9,6.7,5.2,5.9,5.5,4.7,5.6,6.9,5.7,7.0,6.6,6.4,5.8,6.0,5.5,5.62,5.52,5.92,5.58,5.82,6.24,5.79,7.3,4.0,M,1,2,2,2.5,5.0,5.0,12.5,A,4
37,7.3,4.8,4.9,4.6,4.0,5.1,5.8,3.4,7.5,5.8,3.1,8.8,4.9,8.5,7.1,3.8,8.0,6.3,4.8,6.8,4.7,6.8,7.6,3.3,7.7,5.4,6.2,7.5,5.3,7.9,7.8,5.7,7.8,4.6,5.0,6.0,4.3,4.6,6.6,4.8,8.1,6.0,7.1,7.1,4.7,8.3,6.9,5.0,4.99,6.19,6.04,6.69,5.46,6.65,6.0,8.8,3.1,M,1,1,1,4.25,3.5,2.75,10.5,A,4
38,3.4,4.2,3.7,4.4,6.1,4.6,4.7,4.4,4.4,5.9,4.8,5.4,5.0,6.7,5.7,5.3,5.8,4.8,4.4,5.6,5.2,5.8,5.1,5.7,3.0,3.8,3.9,5.9,5.1,5.3,5.8,6.5,3.2,6.1,6.6,5.1,5.7,4.4,5.3,6.3,3.7,6.7,6.8,6.6,5.8,5.9,4.7,5.8,4.44,5.4,5.3,4.91,5.34,5.75,5.19,6.8,3.0,M,1,2,2,2.25,5.25,4.5,12.0,A,4
39,4.4,5.6,5.2,6.4,5.9,6.7,7.2,4.3,4.4,2.4,7.5,7.1,5.7,5.1,5.6,4.9,5.1,5.0,6.8,4.9,3.8,6.4,5.6,4.5,5.6,5.5,7.2,5.5,4.5,6.0,6.2,3.8,5.8,3.5,5.5,5.8,4.7,6.6,6.8,3.9,5.8,4.0,7.0,5.5,5.2,6.5,6.6,4.2,5.71,5.34,5.26,5.54,5.32,5.6,5.46,7.5,2.4,M,1,1,1,2.0,3.0,5.25,10.25,A,4
40,4.3,5.0,4.8,1.9,3.1,6.1,7.5,3.8,5.3,6.6,6.8,5.8,4.0,7.4,6.2,4.3,7.3,6.4,6.3,7.3,4.5,6.4,6.3,5.2,7.7,5.5,6.3,6.1,4.3,6.4,6.6,5.3,7.4,5.1,6.8,7.6,5.6,6.6,6.6,5.5,7.1,6.2,7.3,7.0,6.9,7.6,6.2,5.0,4.56,5.8,6.21,6.02,6.4,6.66,5.94,7.7,1.9,M,1,1,1,2.75,4.0,4.0,10.75,A1,3
41,5.3,6.3,8.4,7.3,5.8,8.5,7.6,7.8,7.5,7.8,7.5,8.3,5.3,8.0,8.0,8.0,7.8,7.8,7.3,7.4,6.0,7.9,7.6,6.7,8.5,6.7,6.8,8.1,6.1,8.2,8.3,6.5,6.8,7.5,6.9,6.4,6.1,4.7,7.3,6.6,7.5,8.6,7.9,7.1,6.3,5.3,8.5,6.6,7.12,7.55,7.31,7.4,6.54,7.22,7.19,8.6,4.7,F,0,2,2,5.0,3.75,5.75,14.5,D1,0
42,8.3,8.0,9.0,8.3,7.9,8.3,8.1,6.7,8.2,8.4,8.3,8.6,8.0,8.7,8.7,7.7,7.8,7.6,8.1,8.5,7.0,9.7,8.8,8.3,7.7,7.9,8.9,8.8,7.9,8.4,8.6,7.4,8.8,8.3,8.8,8.4,7.5,6.6,8.0,7.1,8.5,8.6,8.5,9.1,7.8,8.1,7.9,7.4,8.07,8.33,8.22,8.2,7.94,8.24,8.17,9.7,6.6,F,0,2,2,4.0,4.5,5.75,14.25,A,4
43,7.0,7.4,7.5,8.3,8.7,8.0,8.8,7.0,7.2,6.7,7.6,9.3,8.6,8.0,9.4,6.9,7.0,6.0,5.3,7.4,8.0,9.0,8.3,7.0,6.5,5.3,6.3,8.4,7.5,8.1,7.6,6.3,4.0,7.3,7.2,7.2,6.9,5.9,8.0,7.1,5.5,6.9,7.5,8.3,8.0,8.7,7.2,6.6,7.84,7.96,7.25,7.0,6.7,7.34,7.35,9.4,4.0,F,0,1,1,5.75,3.5,4.25,13.5,D1,0
44,6.6,7.2,5.9,6.9,7.6,8.1,7.3,6.7,6.3,6.9,6.0,6.4,7.0,7.1,6.9,6.2,6.7,7.1,5.4,6.8,6.8,5.9,6.6,6.8,6.0,7.6,6.5,7.6,6.7,7.1,7.9,5.6,5.8,5.9,5.8,4.6,6.6,4.0,6.0,6.2,6.0,7.6,6.5,7.6,6.7,7.1,7.9,5.6,7.04,6.6,6.51,6.88,5.61,6.88,6.59,8.1,4.0,F,0,2,2,1.25,3.5,5.0,9.75,D1,0
45,6.1,6.9,5.9,6.6,6.0,7.0,6.8,6.7,8.8,7.1,6.4,6.7,6.8,7.1,7.1,7.1,8.4,7.3,5.6,7.5,5.8,6.8,6.3,7.3,6.6,7.1,6.3,6.8,6.6,6.9,6.7,6.9,7.8,7.3,6.8,7.8,6.8,6.1,4.3,5.8,7.8,6.8,8.0,7.4,7.1,6.6,6.8,7.3,6.5,7.14,6.87,6.74,6.59,7.22,6.84,8.8,4.3,F,0,2NT,3,3.75,4.0,4.0,11.75,A,4
46,6.9,5.3,7.1,5.7,7.0,8.4,6.2,6.4,5.4,4.8,6.6,6.4,7.3,7.4,6.6,5.7,5.3,6.6,6.2,5.9,6.0,8.9,6.5,5.8,5.3,6.2,5.8,7.5,6.3,6.2,8.4,5.3,7.2,6.3,6.8,6.0,6.0,4.1,7.4,5.9,7.1,7.1,6.6,5.7,6.8,5.8,7.1,5.7,6.62,6.28,6.4,6.38,6.21,6.49,6.4,8.9,4.1,F,0,2,2,2.0,4.5,5.0,11.5,A,4
47,6.7,6.8,6.4,5.9,5.6,6.4,8.0,6.8,6.6,6.9,7.1,4.6,6.0,6.7,7.8,6.8,7.6,7.0,6.7,7.0,5.9,6.2,8.1,7.5,7.4,6.5,6.6,6.1,6.0,5.4,6.8,6.8,6.1,5.5,6.3,6.5,5.8,5.2,7.9,5.3,6.5,6.9,5.9,7.0,6.0,5.1,6.6,5.1,6.57,6.56,7.0,6.45,6.07,6.14,6.47,8.1,4.6,F,0,1,1,5.25,2.25,5.25,12.75,D1,0
48,7.9,7.6,8.4,8.6,6.2,7.5,8.7,7.7,7.3,7.5,8.0,7.7,5.9,8.5,8.8,8.0,7.8,7.6,8.2,7.6,5.4,6.5,8.2,8.1,9.4,7.6,9.1,8.8,6.2,6.6,8.4,8.4,8.6,8.1,9.0,7.8,5.1,5.2,8.0,7.7,8.1,9.0,9.2,7.5,4.6,5.1,7.0,7.9,7.83,7.71,7.42,8.06,7.44,7.3,7.63,9.4,4.6,M,1,2,2,4.75,6.5,8.0,19.25,A,4
49,7.9,6.0,6.4,7.4,8.0,7.1,8.4,7.0,8.1,7.5,6.7,8.7,8.5,7.9,9.0,7.1,7.8,7.4,6.3,8.3,7.8,8.9,9.1,7.5,5.8,8.2,8.2,8.6,8.1,9.1,8.1,7.9,7.3,6.7,6.9,6.8,8.5,9.3,8.1,6.9,7.9,8.0,7.6,7.3,8.2,9.0,6.5,6.5,7.28,7.94,7.89,8.0,7.56,7.62,7.71,9.3,5.8,F,0,2,2,5.0,4.0,6.75,15.75,D1,0
50,8.2,7.2,8.4,5.9,5.9,6.4,6.4,6.2,8.5,6.8,5.0,6.2,6.0,7.2,8.0,7.0,6.7,6.4,6.6,5.5,5.3,6.3,5.7,6.1,6.8,6.7,5.9,5.7,6.4,7.4,7.8,6.4,7.5,7.2,6.6,5.4,6.0,6.4,5.5,5.9,7.6,7.9,8.0,7.5,5.8,6.6,7.7,6.9,6.82,6.84,6.08,6.64,6.31,7.25,6.66,8.5,5.0,F,0,2NT,3,3.25,4.5,4.0,11.75,A1,3
51,5.5,7.1,6.1,5.8,6.2,6.9,7.3,6.1,6.2,6.7,5.7,6.7,6.3,6.6,7.1,5.7,7.3,7.0,6.0,7.7,7.4,7.7,8.7,5.9,7.9,6.8,7.7,9.4,7.8,7.6,8.1,7.1,7.1,6.3,7.4,6.2,6.6,5.3,5.6,5.3,7.7,7.0,6.8,6.3,7.4,8.4,6.8,6.3,6.38,6.38,7.21,7.8,6.22,7.09,6.85,9.4,5.3,F,0,1,1,2.0,5.25,3.5,10.75,A,4
52,6.0,5.3,8.5,6.6,7.6,7.5,7.6,4.0,7.3,6.3,8.9,7.8,8.2,8.4,8.8,6.1,7.4,7.1,8.5,8.3,8.1,9.0,7.3,5.0,8.1,6.0,8.8,9.0,7.9,7.8,8.6,5.8,7.7,6.9,7.2,5.8,7.5,8.9,7.5,6.1,6.5,7.3,7.0,6.8,7.5,9.0,7.8,5.9,6.64,7.72,7.59,7.75,7.2,7.22,7.35,9.0,4.0,F,0,1,1,2.5,3.25,5.0,10.75,A,4
53,5.3,7.0,7.0,7.3,6.7,8.4,6.6,7.8,8.0,7.2,6.5,7.0,6.9,8.0,7.9,7.1,6.8,7.9,6.9,7.7,5.8,8.6,6.8,7.2,6.6,7.0,7.3,7.4,6.3,7.8,6.7,6.9,7.4,6.7,6.5,5.9,7.0,6.5,6.9,7.2,5.9,6.9,5.7,5.5,6.9,5.3,7.0,5.9,7.01,7.32,7.21,7.0,6.76,6.14,6.91,8.6,5.3,F,0,2NT,3,3.75,3.5,4.5,11.75,D1,0
54,4.9,5.9,6.2,5.6,5.9,5.0,7.0,5.6,6.1,7.1,6.4,6.0,6.3,5.5,6.2,6.6,2.5,4.8,5.0,5.0,4.5,2.4,5.8,3.7,6.2,4.1,4.4,5.2,4.1,6.3,4.9,4.6,4.9,5.2,4.9,5.5,5.5,4.6,5.5,5.4,6.5,7.5,6.1,5.6,5.2,5.7,5.6,6.3,5.76,6.28,4.21,4.98,5.19,6.06,5.41,7.5,2.4,M,1,1,1,1.0,5.5,4.25,10.75,A,4
55,5.3,5.7,5.4,4.6,4.4,6.6,4.7,5.3,5.1,4.9,3.4,5.7,5.4,6.4,7.3,5.5,6.4,3.6,4.0,6.6,5.3,7.0,6.0,4.7,5.6,6.0,3.6,6.4,6.3,6.6,5.1,5.2,6.5,5.4,6.1,4.6,5.7,6.9,6.3,4.9,6.5,5.7,6.0,5.7,7.5,7.8,6.0,6.7,5.25,5.46,5.45,5.6,5.8,6.49,5.67,7.8,3.4,F,0,2,2,4.5,3.75,4.5,12.75,D1,0
56,7.9,6.9,7.0,7.0,7.0,3.9,5.6,6.4,8.4,7.3,6.4,5.8,7.1,6.3,6.4,7.2,8.5,8.1,6.1,5.6,6.1,6.6,6.5,5.9,8.4,7.0,7.0,5.7,6.3,7.0,7.4,6.6,9.5,8.1,7.9,8.1,7.0,4.8,7.7,6.8,9.5,8.4,6.7,7.7,7.3,6.7,6.9,6.5,6.46,6.86,6.68,6.92,7.49,7.46,6.98,9.5,3.9,F,0,2NT,3,4.25,4.75,3.25,12.25,A1,3
57,6.3,6.9,6.9,6.9,6.8,6.2,7.6,6.7,7.0,7.7,6.9,8.5,6.2,6.5,6.8,6.3,5.5,6.8,5.7,7.1,6.6,8.6,7.7,5.9,6.3,7.7,6.3,7.4,7.3,8.1,6.5,7.0,8.5,7.1,7.3,6.6,7.2,7.0,6.9,7.1,8.7,7.0,6.6,7.4,7.4,7.0,6.9,6.7,6.79,6.99,6.74,7.08,7.21,7.21,7.0,8.7,5.5,F,0,1,1,6.0,5.5,5.0,16.5,A,4
58,7.2,7.6,6.6,6.6,5.0,7.1,6.8,9.3,7.3,7.0,8.2,8.2,5.5,6.9,8.1,8.4,7.5,7.8,8.6,6.5,5.5,7.4,7.8,8.7,7.6,7.6,8.8,7.6,4.8,7.0,5.8,8.7,7.8,6.6,8.1,5.9,5.6,5.8,7.3,8.1,6.4,8.9,7.8,6.7,4.2,6.6,6.8,7.9,7.02,7.45,7.48,7.24,6.9,6.91,7.17,9.3,4.2,F,0,1,1,2.0,5.5,5.0,12.5,A1,3
59,6.5,5.8,7.4,7.7,7.2,7.5,6.5,4.6,8.3,7.4,6.8,8.2,7.7,7.8,6.8,6.0,8.3,5.7,8.4,8.3,7.3,7.1,6.1,8.0,7.1,5.7,5.7,7.9,7.0,8.6,7.0,8.4,5.8,6.6,6.9,5.9,6.0,7.0,7.2,7.7,7.9,7.8,7.7,7.8,7.0,9.1,8.1,8.5,6.65,7.37,7.4,7.18,6.64,7.99,7.2,9.1,4.6,M,1,2NT,3,2.25,5.25,6.0,13.5,A,4
60,3.6,4.6,5.0,6.9,5.2,4.5,5.8,7.3,3.5,4.1,3.4,7.3,5.5,6.0,5.6,7.5,4.2,3.4,3.4,6.6,4.7,6.3,4.8,7.5,3.2,5.9,3.6,8.2,5.9,6.8,6.3,7.7,4.4,2.6,4.9,5.7,5.6,6.1,4.8,7.4,4.9,6.1,4.3,7.0,5.1,5.8,6.1,8.4,5.36,5.36,5.11,5.95,5.19,5.96,5.49,8.4,2.6,M,1,1,1,3.0,4.0,4.0,11.0,D1,0
61,6.2,7.8,7.8,8.0,5.1,7.4,5.8,5.4,5.0,6.6,7.5,8.2,6.1,7.8,8.4,5.5,6.7,5.7,6.1,7.7,4.7,8.9,6.1,5.3,6.6,4.9,7.6,8.3,5.5,8.3,9.2,5.5,7.2,5.9,8.2,6.0,5.8,5.0,6.4,5.9,7.6,7.0,8.2,5.9,5.7,8.0,6.6,6.5,6.69,6.89,6.4,6.99,6.3,6.94,6.7,9.2,4.7,M,1,1,1,2.5,3.5,6.5,12.5,A,4
62,7.2,5.5,6.5,6.9,8.0,7.2,6.8,4.8,8.4,6.0,6.6,6.6,8.2,7.2,7.6,5.1,7.3,6.6,5.2,7.1,7.7,9.2,7.5,4.7,6.5,6.1,6.2,7.1,7.5,8.7,8.6,4.9,7.9,7.5,6.7,5.9,7.2,8.0,6.6,5.5,8.9,8.3,6.8,6.5,7.3,8.7,7.8,5.9,6.61,6.96,6.91,6.95,6.91,7.52,6.98,9.2,4.7,F,0,1,1,3.5,3.5,4.25,11.25,A,4
63,6.4,7.2,8.1,8.5,6.2,8.8,7.9,5.6,5.9,7.6,8.0,8.0,7.4,6.7,7.8,7.8,6.5,6.3,6.4,6.9,7.0,6.7,8.1,7.0,7.6,6.5,7.0,7.4,7.1,7.4,7.8,7.7,6.8,7.7,6.8,6.8,6.5,7.7,7.6,7.6,7.5,7.3,7.0,7.0,7.2,8.8,6.6,6.4,7.34,7.4,6.86,7.31,7.19,7.22,7.22,8.8,5.6,M,1,1,1,4.25,2.75,3.25,10.25,A,4
64,7.5,7.6,7.8,7.9,5.7,8.1,5.8,6.2,7.6,6.8,8.7,7.9,5.7,8.8,8.4,6.1,6.8,6.9,7.2,9.0,5.7,9.2,7.6,5.4,6.8,7.8,7.7,7.8,5.9,8.9,7.5,5.4,8.0,6.4,6.4,7.1,5.7,8.6,7.2,6.7,6.6,8.1,6.7,6.4,6.0,7.2,7.3,6.6,7.08,7.5,7.22,7.22,7.01,6.86,7.15,9.2,5.4,M,1,1,1,2.25,3.5,5.0,10.75,A,4
65,7.1,6.2,8.4,7.3,6.4,6.7,8.5,4.9,6.9,6.5,8.2,7.3,6.5,8.1,7.6,6.1,8.1,7.4,8.3,8.0,6.7,8.4,8.8,5.5,7.2,8.0,7.0,7.6,7.1,8.6,7.6,6.1,6.9,8.0,8.7,6.3,5.7,8.6,7.4,4.7,7.4,6.7,7.4,5.4,6.7,9.1,7.1,5.4,6.94,7.15,7.65,7.4,7.04,6.9,7.18,9.1,4.7,M,1,2,2,4.25,3.75,6.0,14.0,A,4
66,3.0,4.0,3.8,6.6,5.4,5.4,4.0,5.3,3.5,3.8,4.3,5.3,4.7,8.4,5.4,4.5,3.8,6.5,4.0,6.0,3.8,8.7,6.8,3.3,5.5,5.3,4.7,6.3,5.8,8.1,6.6,5.6,5.0,4.8,5.3,5.6,5.1,6.6,8.2,3.8,5.1,6.3,4.9,6.0,5.8,8.3,6.8,4.7,4.69,4.99,5.36,5.99,5.55,5.99,5.43,8.7,3.0,M,1,1,1,2.0,3.75,4.75,10.5,A,4
67,5.1,3.7,4.7,5.5,5.1,4.5,5.8,2.8,5.3,4.2,5.1,6.5,5.6,7.1,6.4,4.1,4.7,5.2,4.3,5.0,5.4,5.0,5.9,3.6,5.6,4.6,4.2,5.3,5.2,6.1,6.0,4.3,6.2,5.4,5.0,4.9,4.7,4.6,6.3,4.5,5.9,6.9,6.4,4.6,5.8,6.3,6.1,4.6,4.65,5.54,4.89,5.16,5.2,5.83,5.21,7.1,2.8,M,1,2NT,3,4.0,4.5,3.25,11.75,A,4
68,4.6,4.9,5.3,5.7,4.5,5.0,7.3,2.8,7.2,6.5,4.9,6.3,4.0,6.5,7.5,3.8,7.6,4.9,5.1,5.1,4.6,5.3,6.7,4.1,6.2,5.8,6.7,6.9,5.7,5.8,7.1,4.2,8.0,4.3,7.7,7.4,4.7,4.5,6.6,5.3,7.2,5.0,8.0,6.3,5.5,5.7,5.8,4.6,5.01,5.84,5.43,6.05,6.06,6.01,5.73,8.0,2.8,M,1,1,1,4.5,4.5,5.5,14.5,B,2
69,7.3,6.4,6.9,7.5,6.2,8.4,7.6,8.1,8.1,7.0,7.1,8.3,6.8,6.9,9.2,8.7,8.2,6.8,7.7,8.6,7.3,8.3,7.8,8.2,7.9,7.7,7.1,9.2,7.6,7.8,8.4,7.8,8.4,8.4,7.3,7.5,7.2,7.7,7.6,8.6,8.1,8.0,8.1,7.1,8.0,8.8,7.9,7.9,7.3,7.76,7.86,7.94,7.84,7.99,7.78,9.2,6.2,M,1,1,1,3.75,6.0,4.5,14.25,B,2
70,6.0,5.9,6.0,5.3,4.8,7.1,5.8,5.2,6.2,5.6,7.7,7.2,5.5,5.9,6.6,7.3,5.1,4.4,5.4,6.9,4.8,4.0,4.5,4.8,5.1,4.2,5.3,5.2,6.0,5.4,6.5,5.3,3.5,3.3,4.8,4.3,4.8,5.9,4.6,4.0,5.6,7.3,5.0,6.2,5.4,6.7,4.4,4.9,5.76,6.5,4.99,5.38,4.4,5.69,5.45,7.7,3.3,M,1,1,1,2.25,3.75,6.25,12.25,B,2
71,5.8,6.3,6.0,6.5,6.7,7.6,6.7,5.9,7.6,7.5,5.6,8.1,6.3,6.3,7.1,7.1,6.6,6.7,4.0,7.3,6.1,5.2,7.8,6.0,5.3,7.8,6.6,7.1,6.8,6.8,6.8,6.3,6.5,7.0,6.9,5.7,7.0,6.6,6.6,5.7,8.2,7.4,6.0,7.6,7.3,7.3,7.8,6.8,6.44,6.95,6.21,6.69,6.5,7.3,6.68,8.2,4.0,F,0,2,2,2.25,4.5,7.25,14.0,A,4
72,3.0,5.1,3.0,6.4,4.3,4.8,2.0,4.5,4.8,4.1,3.5,6.2,6.7,5.4,6.7,4.1,4.7,4.7,6.2,6.1,6.6,6.6,4.6,4.6,5.0,5.1,5.6,6.2,6.4,7.1,7.3,4.6,6.8,4.9,6.1,4.7,5.5,5.9,6.5,4.6,9.0,5.7,6.0,6.1,6.2,8.1,5.8,5.1,4.14,5.19,5.51,5.91,5.62,6.5,5.48,9.0,2.0,F,0,1,1,3.5,4.75,3.5,11.75,B,2
73,5.5,6.6,7.2,7.6,5.5,6.7,6.7,5.2,6.0,6.8,6.3,7.2,4.9,4.8,6.6,5.3,4.6,5.5,5.5,7.1,5.2,6.1,7.1,5.4,5.2,4.7,5.8,6.3,5.7,5.6,5.2,5.3,5.2,5.5,6.3,6.6,6.1,6.5,5.3,5.2,6.1,6.2,7.3,7.8,5.5,5.9,6.3,5.5,6.38,5.99,5.81,5.48,5.84,6.32,5.97,7.8,4.6,M,1,1,1,1.5,4.5,5.5,11.5,A,4
74,5.2,3.1,4.7,5.8,6.1,3.1,4.8,4.4,5.5,5.9,5.7,6.3,5.5,4.8,6.1,5.1,4.7,6.3,5.0,6.1,5.9,5.8,6.1,5.8,4.3,5.9,5.5,7.0,6.7,4.7,6.1,6.2,4.7,6.0,5.5,4.7,5.8,2.9,5.4,5.1,5.7,5.4,5.7,4.7,5.7,5.3,5.3,4.8,4.65,5.61,5.71,5.8,5.01,5.32,5.35,7.0,2.9,F,0,1,1,2.0,4.5,3.75,10.25,A,4
75,4.2,5.6,5.0,8.4,6.3,8.2,6.9,3.9,5.5,6.8,7.7,6.9,6.8,8.0,6.4,5.1,5.1,6.3,6.1,7.8,6.1,6.4,6.9,4.4,6.4,8.1,7.8,8.0,6.2,8.1,8.3,5.5,8.0,6.4,6.1,6.2,6.0,6.3,5.9,5.5,8.5,6.3,5.7,7.2,7.1,6.9,7.3,5.5,6.06,6.65,6.14,7.3,6.3,6.81,6.54,8.5,3.9,F,0,1,1,5.25,3.5,4.5,13.25,A,4
76,5.5,4.0,4.3,5.6,3.3,5.9,2.8,3.4,6.0,4.3,3.2,4.5,3.7,4.9,4.7,3.2,2.9,2.8,3.5,4.1,4.1,3.5,5.1,4.8,4.2,3.6,3.5,6.3,5.2,6.6,5.4,4.6,5.5,5.0,3.9,5.1,4.2,5.4,4.9,3.7,4.0,4.4,4.7,6.1,4.1,7.6,5.4,3.5,4.35,4.31,3.85,4.92,4.71,4.98,4.52,7.6,2.8,M,1,1,1,4.75,3.5,3.25,11.5,A,4
77,5.4,6.8,7.1,7.2,5.6,6.8,6.7,5.3,6.0,6.2,5.9,7.1,6.3,7.8,7.9,6.0,6.9,5.8,5.4,6.3,4.8,7.3,6.4,4.4,6.9,6.6,6.9,8.8,6.9,7.4,8.4,6.0,6.7,7.4,6.8,6.6,5.3,7.0,6.3,5.1,7.5,8.0,6.7,7.0,5.8,7.1,7.9,4.7,6.36,6.65,5.91,7.24,6.4,6.84,6.57,8.8,4.4,F,0,2NT,3,3.25,4.0,3.5,10.75,A,4
78,5.2,3.6,3.8,7.1,5.3,4.8,6.4,4.5,6.8,5.5,5.3,6.4,5.3,6.7,6.8,6.2,6.5,4.7,5.3,6.4,4.7,6.2,6.3,3.6,5.8,2.7,6.6,4.0,5.1,5.9,8.0,3.5,6.4,6.4,5.7,5.8,4.3,5.2,4.6,5.4,7.8,6.2,7.1,6.5,5.3,6.4,5.7,6.6,5.09,6.12,5.46,5.2,5.48,6.45,5.63,8.0,2.7,M,1,1,1,3.25,4.0,4.0,11.25,B,2
79,5.3,4.3,5.9,7.7,6.8,6.9,7.0,5.6,5.2,5.0,6.4,6.1,5.8,7.6,6.1,3.9,5.0,5.5,4.4,7.6,6.1,6.0,6.0,4.9,3.5,5.2,5.4,6.9,6.2,5.2,5.7,4.5,5.2,5.7,4.7,4.9,5.0,5.2,5.6,7.6,5.2,5.5,5.4,5.6,4.7,4.5,5.6,6.0,6.19,5.76,5.69,5.32,5.49,5.31,5.63,7.7,3.5,M,1,1,1,3.5,4.5,4.25,12.25,B,2
80,4.8,3.9,5.5,4.9,5.6,4.1,5.8,5.1,5.1,4.0,4.5,5.6,5.6,5.9,7.2,4.4,5.7,4.9,5.0,4.6,5.0,4.8,7.0,4.1,5.0,5.3,5.1,6.3,5.8,6.8,5.6,4.7,6.7,4.8,5.0,5.5,5.8,4.4,4.6,4.1,6.6,6.6,5.9,6.9,7.2,3.8,5.1,4.9,4.96,5.29,5.14,5.58,5.11,5.88,5.33,7.2,3.8,F,0,2NT,3,2.0,3.5,5.5,11.0,A1,3
81,8.2,6.5,5.1,6.1,6.6,8.7,7.1,6.8,9.2,6.9,5.9,7.3,6.2,8.5,6.7,6.9,9.3,6.8,6.2,6.9,6.3,6.6,7.5,5.7,8.1,7.0,6.0,6.1,7.1,7.5,7.6,6.8,8.7,7.0,7.3,5.9,6.7,4.9,5.0,5.0,9.3,7.1,6.6,8.1,7.7,6.6,7.3,5.3,6.89,7.2,6.91,7.02,6.31,7.25,6.93,9.3,4.9,F,0,2NT,3,4.5,3.5,4.75,12.75,A,4
82,5.7,5.0,4.7,5.7,4.7,5.5,5.2,4.2,3.9,5.9,4.7,5.3,4.8,6.0,4.6,4.7,5.7,5.9,4.5,5.9,4.8,3.7,6.3,5.2,4.6,4.4,4.7,6.1,5.0,5.3,4.9,5.4,6.8,6.1,4.6,5.8,5.3,5.1,4.8,5.0,7.3,7.5,5.0,6.4,6.2,5.4,5.4,6.5,5.09,4.99,5.25,5.05,5.44,6.21,5.34,7.5,3.7,M,1,1,1,2.5,4.5,4.25,11.25,A,4
83,5.1,5.9,5.9,4.5,6.2,5.3,6.5,4.7,5.0,6.1,6.9,9.5,6.8,7.0,7.1,4.8,7.4,6.7,7.1,8.1,6.5,8.1,7.6,5.4,6.0,8.1,6.1,8.5,6.7,7.0,8.1,5.3,6.8,5.9,7.5,6.3,7.1,6.1,6.8,6.1,7.3,5.4,7.8,7.5,7.4,7.3,7.5,6.3,5.51,6.65,7.11,6.98,6.58,7.06,6.65,9.5,4.5,F,0,1,1,3.25,6.0,4.25,13.5,B,2
84,5.9,5.7,7.1,6.7,6.5,8.0,8.1,4.3,7.4,7.1,5.6,7.6,7.2,9.3,7.2,5.1,5.5,6.4,6.9,6.9,6.9,9.8,6.2,6.4,7.0,6.9,6.5,7.8,7.1,9.2,7.9,6.1,5.5,6.3,7.1,7.6,6.2,7.8,7.5,6.5,8.2,7.5,7.2,7.3,6.8,9.6,7.3,5.8,6.54,7.06,6.88,7.31,6.81,7.46,7.01,9.8,4.3,F,0,1,1,1.75,4.75,6.0,12.5,B,2
85,8.4,7.4,6.0,7.8,6.3,7.2,8.5,6.0,9.3,7.0,8.5,8.8,6.9,6.9,7.3,6.8,7.4,7.0,8.0,7.5,7.1,6.7,8.4,5.8,7.7,6.7,8.2,7.5,7.5,6.1,8.1,6.5,8.2,5.9,7.9,8.6,6.1,5.1,7.2,6.1,8.6,7.8,8.9,8.5,6.7,5.5,7.9,6.6,7.2,7.69,7.24,7.29,6.89,7.56,7.31,9.3,5.1,M,1,1,1,6.5,4.5,8.0,19.0,A,4
86,7.2,6.6,6.8,6.7,7.1,6.4,7.2,6.0,7.9,8.1,6.6,7.5,7.8,7.4,7.6,7.1,7.3,6.8,5.7,7.6,6.6,8.4,7.4,5.1,8.4,8.1,6.4,8.8,6.3,8.3,7.7,6.5,7.8,7.1,8.5,6.5,7.3,7.0,7.8,5.2,6.9,6.9,7.1,7.3,7.0,8.1,6.4,6.0,6.75,7.5,6.86,7.56,7.15,6.96,7.13,8.8,5.1,F,0,2NT,3,3.75,5.75,4.75,14.25,B,2
87,6.3,6.5,8.1,7.7,6.7,5.4,7.0,5.4,6.3,6.7,6.9,7.4,6.6,5.6,7.1,5.7,5.2,7.7,6.0,7.8,7.6,5.8,6.2,5.6,6.1,7.0,7.2,7.2,7.3,6.0,7.1,5.5,6.0,7.3,8.0,5.8,6.6,7.3,7.2,4.7,5.7,7.9,6.9,6.0,7.4,6.9,6.6,5.2,6.64,6.54,6.49,6.68,6.61,6.58,6.59,8.1,4.7,M,1,2NT,3,2.0,4.75,6.5,13.25,A,4
88,7.3,4.3,5.3,5.8,4.9,3.7,5.6,5.3,5.9,6.0,6.3,5.9,5.0,6.6,6.6,4.6,7.1,6.3,7.3,6.7,6.5,5.4,6.7,5.5,7.7,5.4,7.5,7.1,6.8,5.8,6.8,6.5,7.9,5.9,5.9,5.9,5.7,6.1,6.8,6.7,6.6,6.4,6.9,5.7,6.4,6.4,7.2,6.2,5.28,5.86,6.44,6.7,6.36,6.48,6.19,7.9,3.7,M,1,1,1,1.75,4.0,4.5,10.25,A,4
89,5.2,6.0,4.7,6.2,3.9,6.6,4.9,3.7,6.5,6.3,6.8,6.9,5.8,7.9,7.0,6.3,7.4,5.3,5.6,6.9,5.0,6.2,6.5,5.2,7.4,6.0,6.2,4.5,5.9,7.2,7.0,6.1,5.4,4.3,4.8,4.3,5.2,6.4,6.3,5.6,6.6,8.0,6.8,3.6,5.0,6.2,6.0,6.2,5.15,6.69,6.01,6.29,5.29,6.05,5.91,8.0,3.6,M,1,1,1,3.75,4.0,3.5,11.25,A,4
90,5.7,4.6,5.9,5.7,4.7,4.3,4.4,5.5,5.6,4.7,5.4,5.7,5.1,5.9,5.6,4.5,4.7,4.5,6.0,5.6,5.1,5.7,5.9,4.3,5.1,4.4,6.0,6.1,5.3,7.1,5.0,5.6,5.6,5.2,6.0,5.2,5.7,4.3,4.9,4.3,7.2,6.5,6.3,5.7,4.6,5.4,4.7,4.7,5.1,5.31,5.22,5.58,5.15,5.64,5.33,7.2,4.3,M,1,1,1,2.0,5.5,5.5,13.0,A,4
91,8.1,7.7,9.1,8.5,6.1,8.6,8.8,7.3,8.8,8.3,8.4,9.3,7.1,8.9,8.8,7.2,9.2,8.4,8.2,9.0,6.3,8.4,8.8,7.1,8.8,9.1,7.7,9.1,7.0,7.9,7.3,7.5,8.9,7.2,7.4,7.8,6.6,7.6,8.1,7.6,8.5,9.2,7.5,8.6,7.9,8.3,8.7,7.8,8.02,8.35,8.17,8.05,7.65,8.31,8.09,9.3,6.1,M,1,2,2,6.25,4.0,6.5,16.75,A,4
92,7.8,6.5,6.7,5.4,6.2,4.8,5.9,4.4,8.9,6.9,6.2,7.5,6.2,4.4,6.4,4.7,8.5,8.0,5.2,6.7,5.6,6.0,6.9,6.7,7.8,7.4,5.0,6.4,6.4,6.1,6.6,5.9,8.6,7.6,6.5,6.6,5.1,6.4,6.4,5.5,9.4,8.2,7.1,8.2,6.3,7.2,7.4,7.0,5.96,6.4,6.7,6.45,6.59,7.6,6.62,9.4,4.4,M,1,2NT,3,4.75,4.75,4.5,14.0,A,4
93,5.0,6.6,6.5,7.2,5.8,6.7,6.4,6.0,6.8,6.1,6.5,8.6,5.9,4.9,6.3,7.5,7.2,6.8,5.8,6.2,5.7,7.2,6.6,6.4,6.1,5.8,5.7,7.9,5.7,5.9,5.3,7.3,8.0,7.1,6.9,6.9,6.7,5.6,5.4,5.6,7.5,6.3,6.7,6.8,7.2,5.9,6.7,5.8,6.28,6.57,6.49,6.21,6.52,6.61,6.45,8.6,4.9,M,1,1,1,3.25,5.25,4.25,12.75,A,4
94,5.2,5.2,6.8,7.9,6.6,8.9,7.6,5.3,6.8,5.8,5.8,8.9,7.0,8.8,8.6,5.7,6.7,6.0,5.5,7.3,6.9,9.1,8.6,5.1,6.6,6.7,7.9,7.7,6.9,8.7,7.6,6.7,7.3,5.4,5.7,6.8,6.3,7.4,7.5,5.4,7.3,6.5,6.7,5.8,7.3,8.7,7.8,5.0,6.69,7.18,6.9,7.35,6.48,6.89,6.91,9.1,5.0,M,1,1,1,3.5,4.25,5.0,12.75,A,4
95,5.8,5.9,7.6,6.1,5.3,8.1,6.1,5.0,6.4,7.2,7.7,7.5,5.3,8.4,6.8,6.1,7.3,7.0,7.9,7.3,5.7,8.6,6.8,5.1,7.1,7.3,8.4,7.3,5.7,8.7,7.0,5.6,7.3,6.8,6.5,8.0,5.9,5.3,7.4,6.5,6.7,8.1,7.1,6.8,6.0,7.3,6.8,5.3,6.24,6.92,6.96,7.14,6.71,6.76,6.79,8.7,5.0,M,1,1,1,4.25,2.5,4.75,11.5,A,4
96,8.6,6.9,7.4,8.8,7.6,5.8,7.3,5.7,8.9,6.8,6.5,7.3,7.0,7.3,6.9,7.6,7.7,5.6,5.9,7.7,6.8,8.1,6.6,7.5,6.7,6.8,6.0,8.3,7.5,7.1,6.8,7.8,7.9,6.7,7.2,6.1,7.2,5.3,5.2,5.2,6.6,6.9,7.4,7.0,7.6,6.3,6.1,6.2,7.26,7.29,6.99,7.12,6.35,6.76,6.96,8.9,5.2,F,0,1,1,5.25,1.5,6.25,13.0,C,1
97,3.7,5.4,6.0,5.1,5.5,3.9,6.1,4.4,4.1,4.8,5.1,4.7,5.9,6.9,4.6,5.4,3.1,3.1,5.3,5.8,5.6,5.4,6.6,4.2,3.4,4.9,5.9,6.9,5.6,6.4,5.7,4.3,5.5,4.7,4.6,3.4,6.9,7.6,7.4,4.9,5.7,7.7,5.0,7.0,6.5,7.9,7.5,4.4,5.01,5.19,4.89,5.39,5.62,6.46,5.43,7.9,3.1,F,0,1,1,5.25,3.75,4.75,13.75,C,1
98,8.8,5.5,7.4,7.7,6.2,7.3,8.1,4.5,9.5,7.3,6.0,8.4,7.0,8.4,8.8,6.5,9.5,6.6,6.4,7.6,7.0,9.6,9.3,6.7,8.5,6.9,5.8,8.4,8.0,8.9,9.6,7.1,9.0,7.1,6.7,5.7,6.9,8.6,8.6,5.9,8.5,7.1,6.2,8.6,7.0,9.6,8.4,5.8,6.94,7.74,7.84,7.9,7.31,7.65,7.56,9.6,4.5,M,1,2NT,3,7.0,8.0,4.0,19.0,C,1
99,2.7,1.8,3.4,5.3,4.5,7.9,4.9,3.8,2.8,5.7,5.1,5.0,5.5,6.6,3.9,4.3,6.2,6.9,7.6,6.3,4.7,7.4,5.9,5.7,5.2,5.1,6.8,5.6,3.8,5.9,6.7,4.4,4.1,5.3,5.7,4.6,5.0,5.9,5.3,4.5,4.3,5.6,6.3,4.7,5.0,6.6,5.2,5.9,4.29,4.86,6.34,5.44,5.05,5.45,5.24,7.9,1.8,M,1,1,1,5.0,3.5,5.5,14.0,C,1
100,4.1,5.2,4.9,5.3,5.5,5.4,7.2,5.4,4.4,6.4,4.8,7.2,6.0,6.3,6.8,4.9,6.0,4.9,4.2,6.4,5.7,6.8,7.1,6.2,4.3,4.9,5.3,6.5,5.7,6.8,7.4,5.8,5.6,6.2,6.0,4.7,5.7,7.9,6.9,4.7,5.1,6.4,5.9,5.4,6.3,5.6,6.6,5.8,5.38,5.85,5.91,5.84,5.96,5.89,5.8,7.9,4.1,M,1,2NT,3,5.25,2.5,4.25,12.0,C,1
